المنزل ,السعر ,التفاصيل,رابط المنزل 
شاليه 73 متر للبيع في الغردقه استلام فوري تشطيب كامل,"1,550,000 ج.م","شاليه للبيع استلام فوري تشطيب كامل
فيو بحر وحمامات سباحه 
دور اول 
السعر 1,550,000 كاش
للحجز اتصل علي / 01000805506",https://www.olx.com.eg/ad/%D8%B4%D8%A7%D9%84%D9%8A%D9%87-73-%D9%85%D8%AA%D8%B1-%D9%84%D9%84%D8%A8%D9%8A%D8%B9-%D9%81%D9%8A-%D8%A7%D9%84%D8%BA%D8%B1%D8%AF%D9%82%D9%87-%D8%A7%D8%B3%D8%AA%D9%84%D8%A7%D9%85-%D9%81%D9%88%D8%B1%D9%8A-%D8%AA%D8%B4%D8%B7%D9%8A%D8%A8-%D9%83%D8%A7%D9%85%D9%84-ID194876108.html
شالية للبيع105 متر دور ارضي استلام فوري تشطيب كامل في الغردقه,"2,450,000 ج.م","شاليه للبيع تشطيب كامل استلام فوري 
دور ارضي بتراس
سعر 2,450,000 كاش
للمعاينه اتصل علي / 01000805506",https://www.olx.com.eg/ad/%D8%B4%D8%A7%D9%84%D9%8A%D8%A9-%D9%84%D9%84%D8%A8%D9%8A%D8%B9105-%D9%85%D8%AA%D8%B1-%D8%AF%D9%88%D8%B1-%D8%A7%D8%B1%D8%B6%D9%8A-%D8%A7%D8%B3%D8%AA%D9%84%D8%A7%D9%85-%D9%81%D9%88%D8%B1%D9%8A-%D8%AA%D8%B4%D8%B7%D9%8A%D8%A8-%D9%83%D8%A7%D9%85%D9%84-%D9%81%D9%8A-%D8%A7%D9%84%D8%BA%D8%B1%D8%AF%D9%82%D9%87-ID194876031.html
شاليه متميز جدا بكمبوند جنجل مجاويش الغردقه,"1,350,000 ج.م","شقة ١٣٠ متر بكمبوند جنجل بجوار الاكوريم بمنطقة مجاويش الغردقة مساحة ١٣٠ متر متشطبة معمول المطبخ و جيبسون بورد محتاج وش نضافة فقط تطل علي حمام سباحة
مطلوب 1350000 كاش",https://www.olx.com.eg/ad/%D8%A8%D8%A7%D9%85%D9%8A%D8%B2-%D9%83%D9%85%D8%A8%D9%88%D9%86%D8%AF-%D8%A8%D8%A7%D9%84%D8%B9%D8%A7%D8%B5%D9%85%D8%A9-%D8%A7%D9%84%D8%A7%D8%AF%D8%A7%D8%B1%D9%8A%D9%87-%D9%85%D9%82%D8%AF%D9%85-10-%D9%88%D9%82%D8%B3%D8%B7-7-%D8%B3%D9%86%D9%88%D8%A7%D8%AA-ID194665495.html
للبيع شالية 3 غرف في الغردقه كمباوند ارينا بلانكا-استلام سنة وعل اقساط,"190,000 ج.م","للبيع شالية  139م  بجاردن في منتجع أرينا بلانكا في الغردقة وقريبه جدا من البحر 
(3 غرفه نوم + 2 حمام+ ريبسشن + تراس+مطبخ امريكاني )
مقدم  190 الف واقساط حتي  4 سنوات 
تشطيب سوبر لوكس

يقع منتجع أرينا بلانكا:
10 دقايق من الداون تاون
20دقيقه من الجونه
7 دقايق من الف ليله وليلة
5دقايق من سينزو مول
5 دقايق من مطار الغردقه



For sell studio 94m with garden at Arena Blanca Hurghada  ( the heart of Magawish on the beautiful Red Sea coast)
Two bedrooms , Toilet, Terrace ,Reception ,Open kitchen and garden 
Fully finished
10% Down Payment 122.000 And 4 Years Installments

3swimming pools, Kids area
Jogging track, Solar power system,Food court,Bicycle track,
 Chillout area, Medical area,Water filters,Spa & gym


7min  Hurghada downtown 
 20min  Gouna
10min  Shael Hashish
5min  Hurghada airport
1min  Senzo mall
0.5 min  Sea beach
0.5 min  Aqua Jungle

للتواصل تليفون او واتساب : 01111993778",https://www.olx.com.eg/ad/%D9%84%D9%84%D8%A8%D9%8A%D8%B9-%D8%B4%D8%A7%D9%84%D9%8A%D8%A9-3-%D8%BA%D8%B1%D9%81-%D9%81%D9%8A-%D8%A7%D9%84%D8%BA%D8%B1%D8%AF%D9%82%D9%87-%D9%83%D9%85%D8%A8%D8%A7%D9%88%D9%86%D8%AF-%D8%A7%D8%B1%D9%8A%D9%86%D8%A7-%D8%A8%D9%84%D8%A7%D9%86%D9%83%D8%A7-%D8%A7%D8%B3%D8%AA%D9%84%D8%A7%D9%85-%D8%B3%D9%86%D8%A9-%D9%88%D8%B9%D9%84-%D8%A7%D9%82%D8%B3%D8%A7%D8%B7-ID194663922.html
الغردقه الممشي السياحي,"850,000 ج.م","استديو بكمبوند اللوتس بالممشي السياحي بجوار قريه السندباد وبنفس مبني البنك العربي الافريقي 
٦٧ متر عداد كهربه قديم مدفوع كل الخدمات بما فيهم الضرايب العقاريه حتي ٢٠٢٣",https://www.olx.com.eg/ad/%D8%A7%D9%84%D8%BA%D8%B1%D8%AF%D9%82%D9%87-%D8%A7%D9%84%D9%85%D9%85%D8%B4%D9%8A-%D8%A7%D9%84%D8%B3%D9%8A%D8%A7%D8%AD%D9%8A-ID194607446.html
عماره الغردقه ش الباشا السياحي متفرع من شيراتون,"16,900,000 ج.م","عماره بشارع الباشا السياحي الرئيسي متفرع من شارع شيراتون موقع متميز جدا عقد اخضر مفروشه ومكيفه بالكامل واجهه بحري وامامها شارع مفتوح تشطيب سوبر لوكس ومدخل رخام بالكامل واسانسير علي اعلي مستوي 
- مكونه من بدروم وارضي واربع ادوار وروف:
١)بدروم  - مخازن 
٢) ارضي - محلات تجاريه
٣) دور اول ٤ شقق
٤) ٣ ادوار ٦ استوديو بالدور 
٥) الروف - عدد ٢ استوديو وباقي المساحه مفتوحه 
اجمالي عدد الشقق السكنيه ٢٤ 
اجمالي عدد المحلات ٤",https://www.olx.com.eg/ad/%D8%B9%D9%85%D8%A7%D8%B1%D9%87-%D8%A7%D9%84%D8%BA%D8%B1%D8%AF%D9%82%D9%87-%D8%B4-%D8%A7%D9%84%D8%A8%D8%A7%D8%B4%D8%A7-%D8%A7%D9%84%D8%B3%D9%8A%D8%A7%D8%AD%D9%8A-%D9%85%D8%AA%D9%81%D8%B1%D8%B9-%D9%85%D9%86-%D8%B4%D9%8A%D8%B1%D8%A7%D8%AA%D9%88%D9%86-ID194569077.html
محل للايجار في الكوثرالجديد  - الغردقه,"4,500 ج.مقابل للتفاوض","متاح محل ايجار  في الغردقه - الكوثر الجديد - بعد بست واي ماركت - تشطيب سوبر لوكس  مساحته ٦٠ م  فيه عداد مياه وكهرباء -يصلح لجميع الأنشطة التجارية  متاح فيديو للمحل 
للاستفسار والمعاينه 
01019790590 
For rent a shop in Hurghada in the new  kawthar next to Best way market area 60 m super lux finishing suitable for any all  commercial activities
01019790590",https://www.olx.com.eg/ad/%D9%85%D8%AD%D9%84-%D9%84%D9%84%D8%A7%D9%8A%D8%AC%D8%A7%D8%B1-%D9%81%D9%8A-%D8%A7%D9%84%D9%83%D9%88%D8%AB%D8%B1%D8%A7%D9%84%D8%AC%D8%AF%D9%8A%D8%AF-%D8%A7%D9%84%D8%BA%D8%B1%D8%AF%D9%82%D9%87-ID194558726.html
الغردقه . . . الفيروز . . عمارات بنك الاسكان.  وغرفه نوم واجهزه للبيع,"605,000 ج.م","شقه فى مدينه الفيروز -البوابه الاولى
الدور التانى- ١٠٥ متر. . ٣ غرف 

. الشقه متأجرة لمده سنتين ولكن ممكن نقل العقد للمالك الجديد. . الايجار اول سنه ١٢٠٠ وتانى سنه ١٣٠٠ . . لكن احنا معارف علشان كده الايجار مش عالى
شقه زى ديه ايجارها ١٥٠٠ وتزيد ولو فى تكييف ممكن تدخل فى ٢٠٠٠ جنيه . . يعنى هتستفيد ب الايجار وتتمللك كمان


ترى حديقه كبيره وترى جزء من شاطئ فندق بالم بيتش. . . 
الشقه مش عمارات الجيش الجديده. . هى فى مدينه الفيروز داخل كوندو. . . 
١٠ دقايق من الجونه و١٠ دقايق من الدهار. . 
لا تصلح تمويل عقارى لكن كل اقساطها مدفوعه للبنك. . 
التشطيب سوبر لوكس مش تشطيب البنك. . تم هدم كل المحارة والبلاط وتم تشطيب من جديد. . . 

 
السعر ٦٠٥ الف نهائى
الدفع كاش عن طريق حساب بنكى",https://www.olx.com.eg/ad/sky-capital-appartmen-%D8%A7%D9%84%D8%B9%D8%A7%D8%B5%D9%85%D9%87-%D8%A7%D9%84%D8%A7%D8%AF%D8%A7%D8%B1%D9%8A%D9%87-ID193762814.html
شقة للايجار مع شاطيء خاص في ارقي كمبوند في الغردقه the view,"1,200 ج.م","apartment 2 bedroom at the most luxury compound at hurghada ( the view ) for short term rental  1400 le per day + electricity fees . the apartment have garden and panoramic sea view its few steps to the pool and landscape the compound located at the centre of hurghada near to all restaurants and luxury cafes . with private beach and 3  swimming pools . 
للايجار اليومي شقة غرفتين وصاله فقط ١٤٠٠ جنيه في اليوم + مصاريف الكهرباء في افضل كمبوند في الغردقه the view تطل مباشرة علي البحر ولها حديقة  وتبعد خطوات عن حمام السباحه الرئيسي يوجد في الكمبوند ٣ حمامات سباحه وشاطيء خاص وأمن ٢٤ ساعه الموقع في قلب الغردقه قريب من الممشي السياحي والمارينا وكل المطاعم والكافيهات",https://www.olx.com.eg/ad/%D8%B4%D9%82%D8%A9-%D9%84%D9%84%D8%A7%D9%8A%D8%AC%D8%A7%D8%B1-%D8%A7%D9%84%D9%8A%D9%88%D9%85%D9%8A-%D9%81%D9%8A-%D8%A7%D8%B1%D9%82%D9%8A-%D9%83%D9%85%D8%A8%D9%88%D9%86%D8%AF-%D9%81%D9%8A-%D8%A7%D9%84%D8%BA%D8%B1%D8%AF%D9%82%D9%87-the-view-ID191431712.html
للبيع شاليه 184م أرضى تشطيب كامل فى سوماباى - الغردقه -البحر الاحمر,"3,200,100 ج.م","للبيع شاليه تشطيب كامل في سوماباى - الغردقه -البحر الاحمر

إجمالي المساحة 184 م
حديقة خاصة
دور الارضى 
تشطيب كامل 

2 غرفة ماستر
1 غرفة معيشة كبيرة
3 حمام
1تراس

إجمالي السعر  3,200,100  ج. م

الملف الضريبى : 305-361-726

For sale chalet fully finished in Sumabay - Hurghada - Red Sea

Total area 184 m
Garden
Ground Floor
Fully Finished

2 Master Bed rooms
1 Large Living rooms
3 Bath rooms
Terrace 1

Total Price 3,200,100  EGP",https://www.olx.com.eg/ad/%D9%84%D9%84%D8%A8%D9%8A%D8%B9-%D8%B4%D8%A7%D9%84%D9%8A%D9%87-184%D9%85-%D8%A3%D8%B1%D8%B6%D9%89-%D8%AA%D8%B4%D8%B7%D9%8A%D8%A8-%D9%83%D8%A7%D9%85%D9%84-%D9%81%D9%89-%D8%B3%D9%88%D9%85%D8%A7%D8%A8%D8%A7%D9%89-%D8%A7%D9%84%D8%BA%D8%B1%D8%AF%D9%82%D9%87-%D8%A7%D9%84%D8%A8%D8%AD%D8%B1-%D8%A7%D9%84%D8%A7%D8%AD%D9%85%D8%B1-ID192474504.html
شاليه للاستلام الفوري بالفرش والاجهزه بمشروع فيو اكوا الغردقه,"975,000 ج.م","شاليه استلام فوري بالفرش والاجهزه بمشروع فيو اكوا الغردقه 
شاطيء رملي خاص 
حمامات سباحه 
اكوا بارك 
كيدز اريا 
خصم 50% علي المطاعم 
للاستعلام والمعاينه الرجاء الاتصال علي 
01201332622",https://www.olx.com.eg/ad/%D8%B4%D8%A7%D9%84%D9%8A%D9%87-%D9%84%D9%84%D8%A7%D8%B3%D8%AA%D9%84%D8%A7%D9%85-%D8%A7%D9%84%D9%81%D9%88%D8%B1%D9%8A-%D8%A8%D8%A7%D9%84%D9%81%D8%B1%D8%B4-%D9%88%D8%A7%D9%84%D8%A7%D8%AC%D9%87%D8%B2%D9%87-%D8%A8%D9%85%D8%B4%D8%B1%D9%88%D8%B9-%D9%81%D9%8A%D9%88-%D8%A7%D9%83%D9%88%D8%A7-%D8%A7%D9%84%D8%BA%D8%B1%D8%AF%D9%82%D9%87-ID194128759.html
فيلا توين هاوس 400 متر  للبيع تشطيب كامل استلام فوري  في الغردقه,"6,800,000 ج.م","فيلا توين هاوس للبيع في قرية سيلينا باي
مساحة الارض ٤٠٠ م٢
المباني ٢٩٠ م٢
السعر ٨٥٠٠٠٠٠
مقدم ٥٠٪؜
٤٢٥٠٠٠٠
٥٠٪؜ اقساط لمدة سنتين 
كل ٣ شهور ٥٣١٢٥٠
استلام خلال ٣ شهور تشطيب كامل 

في حالة الكاش السعر ٦٨٠٠٠٠٠
للحجز اتصل علي / 01000805506",https://www.olx.com.eg/ad/%D9%81%D9%8A%D9%84%D8%A7-%D8%AA%D9%88%D9%8A%D9%86-%D9%87%D8%A7%D9%88%D8%B3-400-%D9%85%D8%AA%D8%B1-%D9%84%D9%84%D8%A8%D9%8A%D8%B9-%D8%AA%D8%B4%D8%B7%D9%8A%D8%A8-%D9%83%D8%A7%D9%85%D9%84-%D8%A7%D8%B3%D8%AA%D9%84%D8%A7%D9%85-%D9%81%D9%88%D8%B1%D9%8A-%D9%81%D9%8A-%D8%A7%D9%84%D8%BA%D8%B1%D8%AF%D9%82%D9%87-ID194110567.html
شاليه للبيع 77 متر تشطيب كامل في الغردقه بمقدم 89 الف جنيه,"889,350 ج.م","شالية للبيع 77 متر في الغردقه
قرية بيسكاي سوما باي 
تشطيب كامل
بالتقسيط علي 5 سنوات
للحجز اتصل علي / 01000805506",https://www.olx.com.eg/ad/%D8%B4%D8%A7%D9%84%D9%8A%D9%87-%D9%84%D9%84%D8%A8%D9%8A%D8%B9-77-%D9%85%D8%AA%D8%B1-%D8%AA%D8%B4%D8%B7%D9%8A%D8%A8-%D9%83%D8%A7%D9%85%D9%84-%D9%81%D9%8A-%D8%A7%D9%84%D8%BA%D8%B1%D8%AF%D9%82%D9%87-%D8%A8%D9%85%D9%82%D8%AF%D9%85-89-%D8%A7%D9%84%D9%81-%D8%AC%D9%86%D9%8A%D9%87-ID194108654.html
بمقدم 61 الف  جنية امتلك شالية  62 متر دور ارضي في قرية بيسكاي الغردقه,"617,500 ج.م","شالية للبيع دور ارضي 
في قريه بيسكاي 
مقدم 10% 
تقسيط علي 5 سنوات
للحجز اتصل علي / 01000805506",https://www.olx.com.eg/ad/%D8%A8%D9%85%D9%82%D8%AF%D9%85-61-%D8%A7%D9%84%D9%81-%D8%AC%D9%86%D9%8A%D8%A9-%D8%A7%D9%85%D8%AA%D9%84%D9%83-%D8%B4%D8%A7%D9%84%D9%8A%D8%A9-62-%D9%85%D8%AA%D8%B1-%D8%AF%D9%88%D8%B1-%D8%A7%D8%B1%D8%B6%D9%8A-%D9%81%D9%8A-%D9%82%D8%B1%D9%8A%D8%A9-%D8%A8%D9%8A%D8%B3%D9%83%D8%A7%D9%8A-%D8%A7%D9%84%D8%BA%D8%B1%D8%AF%D9%82%D9%87-ID194108390.html
شاليه 74 متر للبيع في الغردقه دور اول في قريه بيسكاي,"915,750 ج.م","شالية للبيع دور اول فيو بحر
قرية بيسكاي سوما باي 
تشطيب كامل
للحجز اتصل علي / 01000805506",https://www.olx.com.eg/ad/%D8%B4%D8%A7%D9%84%D9%8A%D9%87-74-%D9%85%D8%AA%D8%B1-%D9%84%D9%84%D8%A8%D9%8A%D8%B9-%D9%81%D9%8A-%D8%A7%D9%84%D8%BA%D8%B1%D8%AF%D9%82%D9%87-%D8%AF%D9%88%D8%B1-%D8%A7%D9%88%D9%84-%D9%81%D9%8A-%D9%82%D8%B1%D9%8A%D9%87-%D8%A8%D9%8A%D8%B3%D9%83%D8%A7%D9%8A-ID194108573.html
شاليه بأقل سعر ف الغردقه منطقه soma bay بالتقسييط,"150,000 ج.م","شاليه ف قريه biscay سوما باي ف الغردقه
بعد موفنبيك سوماباي  ف موقع مميز جدا ع البحر  
 
المساحات بتبدا من 57 م الي 140م 
 بمقدمات بتبدا من اول 100الف الي 350الف والقسط على 5 سنين 
 
للتواصل [01020020114] +واتساب",https://www.olx.com.eg/ad/%D8%B4%D8%A7%D9%84%D9%8A%D9%87-%D8%A8%D8%A3%D9%82%D9%84-%D8%B3%D8%B9%D8%B1-%D9%81-%D8%A7%D9%84%D8%BA%D8%B1%D8%AF%D9%82%D9%87-%D9%85%D9%86%D8%B7%D9%82%D9%87-soma-bay-%D8%A8%D8%A7%D9%84%D8%AA%D9%82%D8%B3%D9%8A%D9%8A%D8%B7-ID194062185.html
((شاليه 140م عالبحر ف سوما باي الغردقه)),"160,000 ج.م","شاليه للبيع ف قريه بيسكاي_biscay عالبحر 
ف سوما باي بعد Mövenpick سوما باي و بلو الباتروس 
احى مكان ف الغردقه 

الشاليه 140م تشطيب سوبرلوكس 

بمقدم 160 الف والقسط ع5 سنين بدون فوائد 

للتواصل 01115939197 +واتساب",https://www.olx.com.eg/ad/%D8%B4%D8%A7%D9%84%D9%8A%D9%87-140%D9%85-%D8%B9%D8%A7%D9%84%D8%A8%D8%AD%D8%B1-%D9%81-%D8%B3%D9%88%D9%85%D8%A7-%D8%A8%D8%A7%D9%8A-%D8%A7%D9%84%D8%BA%D8%B1%D8%AF%D9%82%D9%87-ID194061760.html
شاليه 6 افراد تايم شير بقريه جاردينيا الغردقه,"50,000 ج.م","فرصه لراغبي المصايف و السياحه و السفر شاليه تايم شير مدي الحياة و يورث 
بالغردقه و بافضل قريه سياحيه جاردينيـــــــــــــا الغردقه 
6 افراد و مطلوب فقط 50 الف ج لا غير اقل من نصف ثمنه في الشركه 
للتواصل واتس اب رقم 01001502174",https://www.olx.com.eg/ad/%D8%B4%D8%A7%D9%84%D9%8A%D9%87-6-%D8%A7%D9%81%D8%B1%D8%A7%D8%AF-%D8%AA%D8%A7%D9%8A%D9%85-%D8%B4%D9%8A%D8%B1-%D8%A8%D9%82%D8%B1%D9%8A%D9%87-%D8%AC%D8%A7%D8%B1%D8%AF%D9%8A%D9%86%D9%8A%D8%A7-%D8%A7%D9%84%D8%BA%D8%B1%D8%AF%D9%82%D9%87-ID194060167.html
ستوديو  60 متر للبيع  استلام فوري بالفرش والاجهزه  في الغردقه,"900,000 ج.م","ستوديو للبيع في ميراج اكوابارك ريزورت 60 متر خلفى بالفرش والأجهزة
سعره 900 الف جنيه كاش",https://www.olx.com.eg/ad/%D8%B3%D8%AA%D9%88%D8%AF%D9%8A%D9%88-60-%D9%85%D8%AA%D8%B1-%D9%84%D9%84%D8%A8%D9%8A%D8%B9-%D8%A7%D8%B3%D8%AA%D9%84%D8%A7%D9%85-%D9%81%D9%88%D8%B1%D9%8A-%D8%A8%D8%A7%D9%84%D9%81%D8%B1%D8%B4-%D9%88%D8%A7%D9%84%D8%A7%D8%AC%D9%87%D8%B2%D9%87-%D9%81%D9%8A-%D8%A7%D9%84%D8%BA%D8%B1%D8%AF%D9%82%D9%87-ID194045522.html
شالية 93 متر للبيع  استلام فوري علي البحر في الغردقه,"1,900,000 ج.م","شالية ٩٣ م٢ الدور التاني 
فيو بحر و حمامات سباحة 
استلام خلال ٣ شهور 
السعر ١٩٠٠٠٠٠
مقدم ٥٠٪؜
٩٥٠٠٠٠
٥٠٪؜ اقساط ربع سنوية لمدة سنتين 
كل ٣ شهور ١١٨٧٥٠",https://www.olx.com.eg/ad/%D8%B4%D8%A7%D9%84%D9%8A%D8%A9-93-%D9%85%D8%AA%D8%B1-%D9%84%D9%84%D8%A8%D9%8A%D8%B9-%D8%A7%D8%B3%D8%AA%D9%84%D8%A7%D9%85-%D9%81%D9%88%D8%B1%D9%8A-%D8%B9%D9%84%D9%8A-%D8%A7%D9%84%D8%A8%D8%AD%D8%B1-%D9%81%D9%8A-%D8%A7%D9%84%D8%BA%D8%B1%D8%AF%D9%82%D9%87-ID194024808.html
شاليه للبيع ارخص سعر ف منطقه سوما باي ف الغردقه,"290,000 ج.م","شاليه للبيع ف soma bay بقريه BISCAY 
بعد سهل حشيش بالقرب من مطار الغردقه

متشطب بالكامل تشطيب الترا سوبر لوكس
مساحه 120م""2غرف+2حمام+2ريسيبشن+مطبخ ""

 مطلوب مقدم 290الف والباقي اقساط ع 10سنين
 للحجز والاستعلام واتساب او اتصل ع 01020020114",https://www.olx.com.eg/ad/%D8%B4%D8%A7%D9%84%D9%8A%D9%87-%D9%84%D9%84%D8%A8%D9%8A%D8%B9-%D8%A7%D8%B1%D8%AE%D8%B5-%D8%B3%D8%B9%D8%B1-%D9%81-%D9%85%D9%86%D8%B7%D9%82%D9%87-%D8%B3%D9%88%D9%85%D8%A7-%D8%A8%D8%A7%D9%8A-%D9%81-%D8%A7%D9%84%D8%BA%D8%B1%D8%AF%D9%82%D9%87-ID193972761.html
٢ غرفه سيلينا باي الغردقه  ٢ غرفه كامله التشطيب استلام فوري تري البحر,"1,900,000 ج.م","سيلينا باي الغردقه
 
٢ غرفه كامله التشطيب  تري البحر مباشره 
٥٠ % مقدم 
الباقي علي سنتين 

لمزيد من المعلومات برجاء الاتصال 

عمرو ابولبن 

٠١١١٧١٧٥٠٠٠",https://www.olx.com.eg/ad/%D9%A2-%D8%BA%D8%B1%D9%81%D9%87-%D8%B3%D9%8A%D9%84%D9%8A%D9%86%D8%A7-%D8%A8%D8%A7%D9%8A-%D8%A7%D9%84%D8%BA%D8%B1%D8%AF%D9%82%D9%87-%D9%A2-%D8%BA%D8%B1%D9%81%D9%87-%D9%83%D8%A7%D9%85%D9%84%D9%87-%D8%A7%D9%84%D8%AA%D8%B4%D8%B7%D9%8A%D8%A8-%D8%A7%D8%B3%D8%AA%D9%84%D8%A7%D9%85-%D9%81%D9%88%D8%B1%D9%8A-%D8%AA%D8%B1%D9%8A-%D8%A7%D9%84%D8%A8%D8%AD%D8%B1-ID193912227.html
شاليه للبيع 3غرف بقريه BISCAY ف الغردقه,"340,000 ج.م","شاليه للبيع ف soma bay بقريه BISCAY
بعد سهل حشيش بالقرب من مطار الغردقه
 
متشطب بالكامل تشطيب الترا سوبر لوكس
مساحه 140م""3 غرف+2حمام+2ريسيبشن+مطبخ ""

مطلوب مقدم 340الف والباقي اقساط ع 10سنين
للحجز والاستعلام واتساب او اتصل ع 01020020114",https://www.olx.com.eg/ad/%D8%B4%D8%A7%D9%84%D9%8A%D9%87-%D9%84%D9%84%D8%A8%D9%8A%D8%B9-3%D8%BA%D8%B1%D9%81-%D8%A8%D9%82%D8%B1%D9%8A%D9%87-biscay-%D9%81-%D8%A7%D9%84%D8%BA%D8%B1%D8%AF%D9%82%D9%87-ID193876959.html
((شاليه بمقدم117الف فsoma bay الغردقه بالتقسييط)),"117,000 ج.م","شاليه 94م ف قريه biscay سوما باي ف الغردقه بعد موفنبيك سوماباي 
ف موقع مميز جدا ع البحر 

الشاليه غرفتين+2حمام متشطب سوبرلوكس 

بمقدم 117 الف والقسط على 5 سنين بدون فوائد 

للتواصل 01115939197 +واتساب",https://www.olx.com.eg/ad/%D8%B4%D8%A7%D9%84%D9%8A%D9%87-%D8%A8%D9%85%D9%82%D8%AF%D9%85117%D8%A7%D9%84%D9%81-%D9%81soma-bay-%D8%A7%D9%84%D8%BA%D8%B1%D8%AF%D9%82%D9%87-%D8%A8%D8%A7%D9%84%D8%AA%D9%82%D8%B3%D9%8A%D9%8A%D8%B7-ID193876631.html
((شاليه عالبحر بمقدم160الف ف سوما باي الغردقه)),"160,000 ج.م","شاليه للبيع ف قريه بيسكاي_biscay عالبحر 
ف سوما باي بعد Mövenpick سوما باي و بلو الباتروس 
احى مكان ف الغردقه 

الشاليه 140م تشطيب سوبرلوكس 

بمقدم160 الف والقسط ع5 سنين بدون فوائد 

للتواصل 01115939197 +واتساب",https://www.olx.com.eg/ad/%D8%B4%D8%A7%D9%84%D9%8A%D9%87-%D8%B9%D8%A7%D9%84%D8%A8%D8%AD%D8%B1-%D8%A8%D9%85%D9%82%D8%AF%D9%85160%D8%A7%D9%84%D9%81-%D9%81-%D8%B3%D9%88%D9%85%D8%A7-%D8%A8%D8%A7%D9%8A-%D8%A7%D9%84%D8%BA%D8%B1%D8%AF%D9%82%D9%87-ID193756273.html
شاليه بتقسيط على 6 سنين فى الغردقه على البحر اقرب استلام Selena Bay,"1,291,597 ج.م","للبيع فى الغردقه بقريه على البحر 5 داقيق من الجونه و 7 داقيق من الغردقه 

شاليه اقرب استلام 

شاليه 70متر 
Garden and fountain view
تقسيط على 6سنين 

استلام متشطب بكامل 

اجمالى السعر :: 1,291,597


القريه بها افضل الخدمات 


Facilities :
- Great investment opportunity
- Property management/Rental programs 
- Private beach
- Arena Club house ( with pool and Jacuzzi) 
- 5 Swimming pools & kids area
- Mediterranean Cuisine Restaurant  (5stars restaurant) 
- Spa & Gym 
- Kite surfing & water sports station 
- Mini market
- Housekeeping",https://www.olx.com.eg/ad/%D8%B4%D8%A7%D9%84%D9%8A%D9%87-%D8%A8%D8%AA%D9%82%D8%B3%D9%8A%D8%B7-%D8%B9%D9%84%D9%89-6-%D8%B3%D9%86%D9%8A%D9%86-%D9%81%D9%89-%D8%A7%D9%84%D8%BA%D8%B1%D8%AF%D9%82%D9%87-%D8%B9%D9%84%D9%89-%D8%A7%D9%84%D8%A8%D8%AD%D8%B1-%D8%A7%D9%82%D8%B1%D8%A8-%D8%A7%D8%B3%D8%AA%D9%84%D8%A7%D9%85-selena-bay-ID193834639.html
استديو للايجار فى كمبوند فلورنزا الغردقه دور رابع سى فيو مكيف بالكامل,500 ج.م,"استديو للايجار فى كمبوند فلورنزا 50 
دور رابع 
غرفه
حمام 
فرش فندقى 
سى فيو
مكيف 
المطبخ كامل 
شاشه 50 بوصه سمارت",https://www.olx.com.eg/ad/%D8%A7%D8%B3%D8%AA%D8%AF%D9%8A%D9%88-%D9%84%D9%84%D8%A7%D9%8A%D8%AC%D8%A7%D8%B1-%D9%81%D9%89-%D9%83%D9%85%D8%A8%D9%88%D9%86%D8%AF-%D9%81%D9%84%D9%88%D8%B1%D9%86%D8%B2%D8%A7-%D8%A7%D9%84%D8%BA%D8%B1%D8%AF%D9%82%D9%87-%D8%AF%D9%88%D8%B1-%D8%B1%D8%A7%D8%A8%D8%B9-%D8%B3%D9%89-%D9%81%D9%8A%D9%88-%D9%85%D9%83%D9%8A%D9%81-%D8%A8%D8%A7%D9%84%D9%83%D8%A7%D9%85%D9%84-ID193800014.html
فيلا للبيع فى الغردقه بمجاويش بحمام سباحه خاص كامله المرافق,"6,000,000 ج.م","فيلا للبيع بمجاويش _الغردقه
7 غرف 
3 حمام 
3 مطابخ 
حمام سباحه 
كامله المرافق 
مفروشه بالكامل 
يوجد بها نت
عقد اخضر",https://www.olx.com.eg/ad/%D9%81%D9%8A%D9%84%D8%A7-%D9%84%D9%84%D8%A8%D9%8A%D8%B9-%D9%81%D9%89-%D8%A7%D9%84%D8%BA%D8%B1%D8%AF%D9%82%D9%87-%D8%A8%D9%85%D8%AC%D8%A7%D9%88%D9%8A%D8%B4-%D8%A8%D8%AD%D9%85%D8%A7%D9%85-%D8%B3%D8%A8%D8%A7%D8%AD%D9%87-%D8%AE%D8%A7%D8%B5-%D9%83%D8%A7%D9%85%D9%84%D9%87-%D8%A7%D9%84%D9%85%D8%B1%D8%A7%D9%81%D9%82-ID193763365.html
((شاليه عالبحر ف الغردقه بقسط 8 الاف جنيه)),"162,000 ج.م","شاليه للبيع ف قريه بيسكاي_biscay عالبحر 
ف سوما باي بعد Mövenpick سوما باي و بلو الباتروس 
احى مكان ف الغردقه 

الشاليه 77م تشطيب سوبرلوكس 

بمقدم162 الف والقسط 8,000 شهريا 

للتواصل 01115939197 +واتساب",https://www.olx.com.eg/ad/%D8%B4%D8%A7%D9%84%D9%8A%D9%87-%D8%B9%D8%A7%D9%84%D8%A8%D8%AD%D8%B1-%D9%81-%D8%A7%D9%84%D8%BA%D8%B1%D8%AF%D9%82%D9%87-%D8%A8%D9%82%D8%B3%D8%B7-8-%D8%A7%D9%84%D8%A7%D9%81-%D8%AC%D9%86%D9%8A%D9%87-ID193756479.html
فيلا لقطه 700متر فى الغردقه فى وسط البحر احلى من الجونه تحفه,"22,000,000 ج.م","فيلا لقطه 700متر فى الغردقه فى وسط البحر 

جميع فيلات القرية من ٢٥٠ م الي ٤٠٠م. واجهه البحر من من ١٥ م الي ٢٥ م.    ما عدا الفيلا دى واجهة ٤٥ م. علي البحر والارض ٧٠٠ م
جميع حجرات النوم والريسبشن علي البحر رؤية كاملة
عدن بيتش في الممشي قبل جراند هوتيل الغردقة فيلا في قلب البحر. احلي من الجونة
عدن بيتش. امام مكتب مصر للطيران في الممشي

مطلوب في الغردقة اقل من سعر الارض ‏ مطلوب مليون $",https://www.olx.com.eg/ad/%D9%81%D9%8A%D9%84%D8%A7-%D9%84%D9%82%D8%B7%D9%87-700%D9%85%D8%AA%D8%B1-%D9%81%D9%89-%D8%A7%D9%84%D8%BA%D8%B1%D8%AF%D9%82%D9%87-%D9%81%D9%89-%D9%88%D8%B3%D8%B7-%D8%A7%D9%84%D8%A8%D8%AD%D8%B1-%D8%A7%D8%AD%D9%84%D9%89-%D9%85%D9%86-%D8%A7%D9%84%D8%AC%D9%88%D9%86%D9%87-%D8%AA%D8%AD%D9%81%D9%87-ID193705101.html
امتلك ستوديو كامل التشطيب في وسط الغردقه,"600,000 ج.م","امتلك ستوديو في وكومبوند فلورينزا
 مساحات تبدأ من 42 متر 
حصه فالارض . اتلام فوري 
حمامات سباحه 
قريب من الشواطيء والمطاعم",https://www.olx.com.eg/ad/%D8%A7%D9%85%D8%AA%D9%84%D9%83-%D8%B3%D8%AA%D9%88%D8%AF%D9%8A%D9%88-%D9%83%D8%A7%D9%85%D9%84-%D8%A7%D9%84%D8%AA%D8%B4%D8%B7%D9%8A%D8%A8-%D9%81%D9%8A-%D9%88%D8%B3%D8%B7-%D8%A7%D9%84%D8%BA%D8%B1%D8%AF%D9%82%D9%87-ID193686629.html
شقه باهدي مناطق الغردقه,"910,000 ج.م","شقه باهدي مناطق الغردقه ( الانتركونتينتال )
130 م
دور تاني 
استلام بعد سنه
40% مقدم والباقي علي سنتين 
3 غرف ورسيبشن ومطبخ وحمام 
نسبه التحميل 25%
سعر المتر 7000 ج نص تشطيب 
السعر الوحده 910000
متاح التشطيب من المالك بالاتفاق معه
صوره سابقه الاعمال




MA-OLX34                                                                                                                                                                                                                                                                                                                                                                                                                                                                                                                                                                                                                                                                                                                                                                                                                                                              -",https://www.olx.com.eg/ad/%D8%B4%D9%82%D9%87-%D8%A8%D8%A7%D9%87%D8%AF%D9%8A-%D9%85%D9%86%D8%A7%D8%B7%D9%82-%D8%A7%D9%84%D8%BA%D8%B1%D8%AF%D9%82%D9%87-ID193660252.html
محل 30 متر للبيع علي الممشي الساحي في الغردقه,"1,500,000 ج.م","محل 30 متر للبيع في الغردقه علي الممشي السياحي
مقدم 50%
تقسيط علي 36 شهر
استلام 2024
للحجز اتصل علي / 01000805506",https://www.olx.com.eg/ad/%D9%85%D8%AD%D9%84-30-%D9%85%D8%AA%D8%B1-%D9%84%D9%84%D8%A8%D9%8A%D8%B9-%D8%B9%D9%84%D9%8A-%D8%A7%D9%84%D9%85%D9%85%D8%B4%D9%8A-%D8%A7%D9%84%D8%B3%D8%A7%D8%AD%D9%8A-%D9%81%D9%8A-%D8%A7%D9%84%D8%BA%D8%B1%D8%AF%D9%82%D9%87-ID193622852.html
محل تجاري للبيع 192 متر استلام فوري علي الممشي في الغردقه,"2,112,000 ج.م","محل 192 متر للبيع في الغردقة علي الممشي 

استلام فوري 

خلف كارفور 

مقدم 50% تقسيط علي 12 شهر

للحجز اتصل علي / 01000805506",https://www.olx.com.eg/ad/%D9%85%D8%AD%D9%84-%D8%AA%D8%AC%D8%A7%D8%B1%D9%8A-%D9%84%D9%84%D8%A8%D9%8A%D8%B9-192-%D9%85%D8%AA%D8%B1-%D8%A7%D8%B3%D8%AA%D9%84%D8%A7%D9%85-%D9%81%D9%88%D8%B1%D9%8A-%D8%B9%D9%84%D9%8A-%D8%A7%D9%84%D9%85%D9%85%D8%B4%D9%8A-%D9%81%D9%8A-%D8%A7%D9%84%D8%BA%D8%B1%D8%AF%D9%82%D9%87-ID193593518.html
فيلا شاليه للبيع بمدينه مكادى هايتس الغردقه البحر الاحمر,"2,000,000 ج.م","مساحه الشاليه 130 متر 
جاردن خاصه 40 متر 
مكون من غرفتين نوم منهم غرفه ماستر 2 حمام 
ريسبشن امريكان كيتشن 
البيع شامل الفرش والتكييفات والأجهزة 
غرفه نوم رئيسيه سرير ودولاب كبير 
غرفه نوم  2 مكونه من سريرين و وسرير دورين 4 سراير  ودولاب 
ريسبشن وكنبه سرير  
مطبخ بالأجهزة كامله 
للاستعلام
م. فادى 
01000612405",https://www.olx.com.eg/ad/%D9%81%D9%8A%D9%84%D8%A7-%D8%B4%D8%A7%D9%84%D9%8A%D9%87-%D9%84%D9%84%D8%A8%D9%8A%D8%B9-%D8%A8%D9%85%D8%AF%D9%8A%D9%86%D9%87-%D9%85%D9%83%D8%A7%D8%AF%D9%89-%D9%87%D8%A7%D9%8A%D8%AA%D8%B3-%D8%A7%D9%84%D8%BA%D8%B1%D8%AF%D9%82%D9%87-%D8%A7%D9%84%D8%A8%D8%AD%D8%B1-%D8%A7%D9%84%D8%A7%D8%AD%D9%85%D8%B1-ID193561140.html
للبيع فيلا 148م في وادى جبال استلام فورى-سوماباى-الغردقه -البحر الاحمر,"5,893,755 ج.م","للبيع فيلا148م في وادى جبال -سوماباى -الغردقه -البحر الاحمر
                                                                                                        
جمالي المساحة 148.5 م                                                                                                     
دور أرضي + دور أول                                                                                
استلام فوري                                                                                                               
تشطيب كامل                                                                                                                                  

2 غرفة ماستر
3حمام
يوجد امكانية اضافة طابق أرضي إضافي اختياري مقابل تكلفة إضافية

إجمالي السعر   5,893,755 ج. م ( كـاش )

مقدم      4,251,888 ج. م 

و باقي المبلغ 1,498,112ج. م أقساط  ربع سنوية حتى 10/2025

الملف الضريبى : 305-361-726

Villa for sale in Wadi Jibal - Soma Bay - Hurgada- Red Sea
                                                                                                                          
Total Building area 148.5 m                                                                                                     
Ground floor + 1st floor                                                                   
Ready to move                                                                                                    
Fully finished                                                                           

2 Master bedrooms
3 bathrooms
, Optional additional ground floor for an extra cost

Total price     5,893,755 EGP ( Cash

Down payment      4,251,888 EGP

 1,498,112EGP 0Quartarly installments till 10-2025",https://www.olx.com.eg/ad/%D9%84%D9%84%D8%A8%D9%8A%D8%B9-%D9%81%D9%8A%D9%84%D8%A7-148%D9%85-%D9%81%D9%8A-%D9%88%D8%A7%D8%AF%D9%89-%D8%AC%D8%A8%D8%A7%D9%84-%D8%A7%D8%B3%D8%AA%D9%84%D8%A7%D9%85-%D9%81%D9%88%D8%B1%D9%89-%D8%B3%D9%88%D9%85%D8%A7%D8%A8%D8%A7%D9%89-%D8%A7%D9%84%D8%BA%D8%B1%D8%AF%D9%82%D9%87-%D8%A7%D9%84%D8%A8%D8%AD%D8%B1-%D8%A7%D9%84%D8%A7%D8%AD%D9%85%D8%B1-ID193407901.html
ستوديو 50 متر  للبيع علي البحر مباشرة  استلام فوري في الغردقه,"1,621,000 ج.م","ستوديو للبيع في الغردقه علي البحر مباشره scandic
الغردقة طريق الكورنيش منطقة عربيا _ امام فلورينزا خمسين
 مساحة المشروع 10450 متر مربع
خدمات المشروع
شاطئ رملي خاص بسكان المنتجع
 3 حمامات سباحة مدفأة
 مصاعد عالية السرعة لكل مبنى
 مطعم على حمام السباحة
 محلات ومطاعم في الطابق الأرضي للمشروع
 خدمة الإيجارات وإدارة الممتلكات
 خدمات فندقية ٥ نجوم متاحة يوميا على مدار ٢٤ ساعة
 مارينا
فقط بمقدم 50% تقسيط علي 24 شهر
للحجز اتصل علي / 01000805506",https://www.olx.com.eg/ad/%D8%B3%D8%AA%D9%88%D8%AF%D9%8A%D9%88-50-%D9%85%D8%AA%D8%B1-%D9%84%D9%84%D8%A8%D9%8A%D8%B9-%D8%B9%D9%84%D9%8A-%D8%A7%D9%84%D8%A8%D8%AD%D8%B1-%D9%85%D8%A8%D8%A7%D8%B4%D8%B1%D8%A9-%D8%A7%D8%B3%D8%AA%D9%84%D8%A7%D9%85-%D9%81%D9%88%D8%B1%D9%8A-%D9%81%D9%8A-%D8%A7%D9%84%D8%BA%D8%B1%D8%AF%D9%82%D9%87-ID193535919.html
شقه للبيع في شارع الشيراتون ميدان العروسه ٣ دقائق مشي لمارينا الغردقه,"470,000 ج.م","شقق واستديوهات للبيع في شارع الشيراتون ميدان العروسه ٣ دقائق مشي لمارينا الغردقه العماره كلها شايفه البحر من أول بلكونه متاح كل الادوار يوجد اسانسير واصل عدادات كهرباء ومياه هتستلم شقتك متشطب واجهة ومدخل و اسانسير شغال وواصل كل الخدمات الشقه ٨٥ متر ٤٧٠٠٠٠ جنيه الاستديو صاله كبيره وحمام ومطبخ ٣٥ متر ١٩٠٠٠٠ جنيه ٥٠% من المبلغ قبل الاستلام والباقي بعد الاستلام
رقم التليفون 01285818293",https://www.olx.com.eg/ad/%D8%B4%D9%82%D9%87-%D9%84%D9%84%D8%A8%D9%8A%D8%B9-%D9%81%D9%8A-%D8%B4%D8%A7%D8%B1%D8%B9-%D8%A7%D9%84%D8%B4%D9%8A%D8%B1%D8%A7%D8%AA%D9%88%D9%86-%D9%85%D9%8A%D8%AF%D8%A7%D9%86-%D8%A7%D9%84%D8%B9%D8%B1%D9%88%D8%B3%D9%87-%D9%A3-%D8%AF%D9%82%D8%A7%D8%A6%D9%82-%D9%85%D8%B4%D9%8A-%D9%84%D9%85%D8%A7%D8%B1%D9%8A%D9%86%D8%A7-%D8%A7%D9%84%D8%BA%D8%B1%D8%AF%D9%82%D9%87-ID193420589.html
امتلك شالية في الغردقه 65 متر فقط بمقدم 78 الف جنيه في بيسكاي,"780,000 ج.م","شاليه للبيع دور ارضي بحديقه خاصه علي حمام السباحه
في قريه بيسكاي الغردقه 
خدمات المشروع 
حمام سباحه 
جيم
سبا
فندق
فقط بمقدم 10%
تقسيط علي 5 سنوات
للحجز اتصل علي / 01000805506",https://www.olx.com.eg/ad/%D8%A7%D9%85%D8%AA%D9%84%D9%83-%D8%B4%D8%A7%D9%84%D9%8A%D8%A9-%D9%81%D9%8A-%D8%A7%D9%84%D8%BA%D8%B1%D8%AF%D9%82%D9%87-65-%D9%85%D8%AA%D8%B1-%D9%81%D9%82%D8%B7-%D8%A8%D9%85%D9%82%D8%AF%D9%85-78-%D8%A7%D9%84%D9%81-%D8%AC%D9%86%D9%8A%D9%87-%D9%81%D9%8A-%D8%A8%D9%8A%D8%B3%D9%83%D8%A7%D9%8A-ID193385678.html
